Year,Quarter/Year,Date,Gross Metro Product,Total Households,Total Population,Total Real Personal Income,Disposable Real Pers Income,Persons Per Household,Res SF Permits,Res MF Permits,Total Res Permits,Employment Tot Non Agric,Total Employed,CPI Index,Fla - Gross State Product,Fla - Nbr of Households,Fla - Total Population,Fla -Total Real Personal Income,Fla - Dis Real Personal Income,Fla Total RealPers Inc per Hsld,Fla - Emplymt Tot NonAgricultur,Fla - Tot Resid Permits,Fla - Persons Per Hsld,ln_Gross Metro Product,ln_Total Households,ln_Total Population,ln_Total Real Personal Income,ln_Disposable Real Pers Income,ln_Persons Per Household,ln_Res SF Permits,ln_Res MF Permits,ln_Total Res Permits,ln_Employment Tot Non Agric,ln_Total Employed,ln_CPI Index,ln_Fla - Gross State Product,ln_Fla - Nbr of Households,ln_Fla - Total Population,ln_Fla -Total Real Personal Income,ln_Fla - Dis Real Personal Income,ln_Fla Total RealPers Inc per Hsld,ln_Fla - Emplymt Tot NonAgricultur,ln_Fla - Tot Resid Permits,ln_Fla - Persons Per Hsld
1980,80Q1,2009-01-01,6.9876,,,,,,,,,,,,,,,,,,,,,1.9441371496489375,,,,,,,,,,,,,,,,,,,,
1980,80Q2,2009-01-01,7.09879,,,,,,,,,,,,,,,,,,,,,1.9599243469884882,,,,,,,,,,,,,,,,,,,,
1980,80Q3,2009-01-01,7.25138,,,,,,,,,,,,,,,,,,,,,1.9811917955808913,,,,,,,,,,,,,,,,,,,,
1980,80Q4,2009-01-01,7.47957,,,,,,,,,,,,,,,,,,,,,2.01217530370295,,,,,,,,,,,,,,,,,,,,
1981,81Q1,2009-01-01,7.68399,,,,,,,,,,,,,,,,,,,,,2.039138943499945,,,,,,,,,,,,,,,,,,,,
1981,81Q2,2009-01-01,7.86075,,,,,,,,,,,,,,,,,,,,,2.0618820217362592,,,,,,,,,,,,,,,,,,,,
1981,81Q3,2009-01-01,7.91044,,,,,,,,,,,,,,,,,,,,,2.0681834060226447,,,,,,,,,,,,,,,,,,,,
1981,81Q4,2009-01-01,7.98435,,,,,,,,,,,,,,,,,,,,,2.077483375723671,,,,,,,,,,,,,,,,,,,,
1982,82Q1,2009-01-01,8.00928,,,,,,,,,,,,,,,,,,,,,2.0806008693996825,,,,,,,,,,,,,,,,,,,,
1982,82Q2,2009-01-01,7.95263,,,,,,,,,,,,,,,,,,,,,2.073502691568223,,,,,,,,,,,,,,,,,,,,
1982,82Q3,2009-01-01,7.85593,,,,,,,,,,,,,,,,,,,,,2.0612686606255015,,,,,,,,,,,,,,,,,,,,
1982,82Q4,2009-01-01,7.79883,,,,,,,,,,,,,,,,,,,,,2.053973722444421,,,,,,,,,,,,,,,,,,,,
1983,83Q1,2009-01-01,7.73233,,,,,,,,,,,,,,,,,,,,,2.0454102402077035,,,,,,,,,,,,,,,,,,,,
1983,83Q2,2009-01-01,7.80634,,,,,,,,,,,,,,,,,,,,,2.0549362240486686,,,,,,,,,,,,,,,,,,,,
1983,83Q3,2009-01-01,7.94151,,,,,,,,,,,,,,,,,,,,,2.072103433500238,,,,,,,,,,,,,,,,,,,,
1983,83Q4,2009-01-01,7.98778,,,,,,,,,,,,,,,,,,,,,2.077912873862332,,,,,,,,,,,,,,,,,,,,
1984,84Q1,2009-01-01,8.04277,,,,,,,,,,,,,,,,,,,,,2.0847735512181353,,,,,,,,,,,,,,,,,,,,
1984,84Q2,2009-01-01,8.10618,,,,,,,,,,,,,,,,,,,,,2.0926267337330735,,,,,,,,,,,,,,,,,,,,
1984,84Q3,2009-01-01,8.13407,,,,,,,,,,,,,,,,,,,,,2.096061413299982,,,,,,,,,,,,,,,,,,,,
1984,84Q4,2009-01-01,8.15766,,,,,,,,,,,,,,,,,,,,,2.098957363145273,,,,,,,,,,,,,,,,,,,,
1985,85Q1,2009-01-01,8.27951,,,,,,,,,,,,,,,,,,,,,2.113783787902076,,,,,,,,,,,,,,,,,,,,
1985,85Q2,2009-01-01,8.32087,,,,,,,,,,,,,,,,,,,,,2.1187668166740297,,,,,,,,,,,,,,,,,,,,
1985,85Q3,2009-01-01,8.33576,,,,,,,,,,,,,,,,,,,,,2.1205546938096003,,,,,,,,,,,,,,,,,,,,
1985,85Q4,2009-01-01,8.43714,,,,,,,,,,,,,,,,,,,,,2.1326433886217333,,,,,,,,,,,,,,,,,,,,
1986,86Q1,2009-01-01,8.34927,,,,,,,,,,,,,,,,,,,,,2.1221741098912625,,,,,,,,,,,,,,,,,,,,
1986,86Q2,2009-01-01,8.35973,,,,,,,,,,,,,,,,,,,,,2.1234261299243444,,,,,,,,,,,,,,,,,,,,
1986,86Q3,2009-01-01,8.42488,,,,,,,,,,,,,,,,,,,,,2.131189232813546,,,,,,,,,,,,,,,,,,,,
1986,86Q4,2009-01-01,8.4782,,,,,,,,,,,,,,,,,,,,,2.137498163121645,,,,,,,,,,,,,,,,,,,,
1987,87Q1,2009-01-01,8.55315,,,,,,,,,,,,,,,,,,,,,2.146299636150929,,,,,,,,,,,,,,,,,,,,
1987,87Q2,2009-01-01,8.65998,,,,,,,,,,,,,,,,,,,,,2.1587124131028546,,,,,,,,,,,,,,,,,,,,
1987,87Q3,2009-01-01,8.71721,,,,,,,,,,,,,,,,,,,,,2.165299232596205,,,,,,,,,,,,,,,,,,,,
1987,87Q4,2009-01-01,8.67743,,,,,,,,,,,,,,,,,,,,,2.1607254018817397,,,,,,,,,,,,,,,,,,,,
1988,88Q1,2009-01-01,8.76252,,,,,,,,,,,,,,,,,,,,,2.1704835348117415,,,,,,,,,,,,,,,,,,,,
1988,88Q2,2009-01-01,8.84386,,,,,,,,,,,,,,,,,,,,,2.179723432928702,,,,,,,,,,,,,,,,,,,,
1988,88Q3,2009-01-01,8.96084,,,,,,,,,,,,,,,,,,,,,2.1928639725925825,,,,,,,,,,,,,,,,,,,,
1988,88Q4,2009-01-01,9.08011,,,,,,,,,,,,,,,,,,,,,2.2060863070772663,,,,,,,,,,,,,,,,,,,,
1989,89Q1,2009-01-01,9.24589,,,,,,,,,,,,,,,,,,,,,2.224179128458707,,,,,,,,,,,,,,,,,,,,
1989,89Q2,2009-01-01,9.36676,,,,,,,,,,,,,,,,,,,,,2.2371672520347574,,,,,,,,,,,,,,,,,,,,
1989,89Q3,2009-01-01,9.44201,,,,,,,,,,,,,,,,,,,,,2.2451688812211827,,,,,,,,,,,,,,,,,,,,
1989,89Q4,2009-01-01,9.48746,,,,,,,,,,,,,,,,,,,,,2.2499709266390795,,,,,,,,,,,,,,,,,,,,
1990,90Q1,2009-01-01,9.51577,,,,,,,,,,,,,,,,,,,,,2.2529504223293646,,,,,,,,,,,,,,,,,,,,
1990,90Q2,2009-01-01,9.44768,,,,,,,,,,,,,,,,,,,,,2.245769208719441,,,,,,,,,,,,,,,,,,,,
1990,90Q3,2009-01-01,9.48294,,,,,,,,,,,,,,,,,,,,,2.2494943947699007,,,,,,,,,,,,,,,,,,,,
1990,90Q4,2009-01-01,9.41602,,,,,,,,,,,,,,,,,,,,,2.2424124939999,,,,,,,,,,,,,,,,,,,,
1991,91Q1,2009-01-01,9.35937,,,,,,,,,,,,,,,,,,,,,2.2363779805319286,,,,,,,,,,,,,,,,,,,,
1991,91Q2,2009-01-01,9.34674,,,,,,,,,,,,,,,,,,,,,2.23502761940188,,,,,,,,,,,,,,,,,,,,
1991,91Q3,2009-01-01,9.30708,,,,,,,,,,,,,,,,,,,,,2.230775400847301,,,,,,,,,,,,,,,,,,,,
1991,91Q4,2009-01-01,9.32527,,,,,,,,,,,,,,,,,,,,,2.2327279195343004,,,,,,,,,,,,,,,,,,,,
1992,92Q1,2009-01-01,9.33426,,,,,,,,,,,,,,,,,,,,,2.2336915022928796,,,,,,,,,,,,,,,,,,,,
1992,92Q2,2009-01-01,9.40075,,,,,,,,,,,,,,,,,,,,,2.240789473327169,,,,,,,,,,,,,,,,,,,,
1992,92Q3,2009-01-01,9.39854,,,,,,,,,,,,,,,,,,,,,2.240554358063754,,,,,,,,,,,,,,,,,,,,
1992,92Q4,2009-01-01,9.45136,,,,,,,,,,,,,,,,,,,,,2.246158646494747,,,,,,,,,,,,,,,,,,,,
1993,93Q1,2009-01-01,9.5,,,,,,,,,,,,,,,,,,,,,2.2512917986064953,,,,,,,,,,,,,,,,,,,,
1993,93Q2,2009-01-01,9.47583,,,,,,,,,,,,,,,,,,,,,2.2487443460765175,,,,,,,,,,,,,,,,,,,,
1993,93Q3,2009-01-01,9.46503,,,,,,,,,,,,,,,,,,,,,2.247603954228371,,,,,,,,,,,,,,,,,,,,
1993,93Q4,2009-01-01,9.56224,,,,,,,,,,,,,,,,,,,,,2.2578220092405283,,,,,,,,,,,,,,,,,,,,
1994,94Q1,2009-01-01,9.68603,,,,,,,,,,,,,,,,,,,,,2.2706846412300092,,,,,,,,,,,,,,,,,,,,
1994,94Q2,2009-01-01,9.84176,,,,,,,,,,,,,,,,,,,,,2.2866345568589175,,,,,,,,,,,,,,,,,,,,
1994,94Q3,2009-01-01,10.02117,,,,,,,,,,,,,,,,,,,,,2.304699855307111,,,,,,,,,,,,,,,,,,,,
1994,94Q4,2009-01-01,9.9908,,,,,,,,,,,,,,,,,,,,,2.3016646695343037,,,,,,,,,,,,,,,,,,,,
1995,95Q1,2009-01-01,9.96865,,,,,,,,,,,,,,,,,,,,,2.2994451685868413,,,,,,,,,,,,,,,,,,,,
1995,95Q2,2009-01-01,9.98991,,,,,,,,,,,,,,,,,,,,,2.301575583610872,,,,,,,,,,,,,,,,,,,,
1995,95Q3,2009-01-01,10.03686,,,,,,,,,,,,,,,,,,,,,2.30626431634343,,,,,,,,,,,,,,,,,,,,
1995,95Q4,2009-01-01,10.21142,,,,,,,,,,,,,,,,,,,,,2.3235067018399267,,,,,,,,,,,,,,,,,,,,
1996,96Q1,2009-01-01,10.34966,,,,,,,,,,,,,,,,,,,,,2.336953668930251,,,,,,,,,,,,,,,,,,,,
1996,96Q2,2009-01-01,10.47555,,,,,,,,,,,,,,,,,,,,,2.3490439703963983,,,,,,,,,,,,,,,,,,,,
1996,96Q3,2009-01-01,10.55998,,,,,,,,,,,,,,,,,,,,,2.357071384336928,,,,,,,,,,,,,,,,,,,,
1996,96Q4,2009-01-01,10.5599,,,,,,,,,,,,,,,,,,,,,2.357063808536308,,,,,,,,,,,,,,,,,,,,
1997,97Q1,2009-01-01,10.53373,,,,,,,,,,,,,,,,,,,,,2.3545824894435516,,,,,,,,,,,,,,,,,,,,
1997,97Q2,2009-01-01,10.62984,,,,,,,,,,,,,,,,,,,,,2.3636651405002205,,,,,,,,,,,,,,,,,,,,
1997,97Q3,2009-01-01,10.73576,,,,,,,,,,,,,,,,,,,,,2.3735802252849703,,,,,,,,,,,,,,,,,,,,
1997,97Q4,2009-01-01,10.83443,,,,,,,,,,,,,,,,,,,,,2.3827290263133243,,,,,,,,,,,,,,,,,,,,
1998,98Q1,2009-01-01,11.04984,,,,,,,,,,,,,,,,,,,,,2.4024159482209217,,,,,,,,,,,,,,,,,,,,
1998,98Q2,2009-01-01,11.18861,,,,,,,,,,,,,,,,,,,,,2.4148962965563006,,,,,,,,,,,,,,,,,,,,
1998,98Q3,2009-01-01,11.29221,,,,,,,,,,,,,,,,,,,,,2.4241131074552986,,,,,,,,,,,,,,,,,,,,
1998,98Q4,2009-01-01,11.44659,,,,,,,,,,,,,,,,,,,,,2.4376918690501936,,,,,,,,,,,,,,,,,,,,
1999,99Q1,2009-01-01,11.45957,,,,,,,,,,,,,,,,,,,,,2.4388251887676238,,,,,,,,,,,,,,,,,,,,
1999,99Q2,2009-01-01,11.55622,,,,,,,,,,,,,,,,,,,,,2.4472238201520917,,,,,,,,,,,,,,,,,,,,
1999,99Q3,2009-01-01,11.54039,,,,,,,,,,,,,,,,,,,,,2.4458530560028326,,,,,,,,,,,,,,,,,,,,
1999,99Q4,2009-01-01,11.61514,,,,,,,,,,,,,,,,,,,,,2.452309419528982,,,,,,,,,,,,,,,,,,,,
2000,00Q1,2009-01-01,11.71762,,,,,,,,,,,,,,,,,,,,,2.4610936918546678,,,,,,,,,,,,,,,,,,,,
2000,00Q2,2009-01-01,11.95756,,,,,,,,,,,,,,,,,,,,,2.4813637143309992,,,,,,,,,,,,,,,,,,,,
2000,00Q3,2009-01-01,12.10287,,,,,,,,,,,,,,,,,,,,,2.4934426145602195,,,,,,,,,,,,,,,,,,,,
2000,00Q4,2009-01-01,12.10219,,,,,,,,,,,,,,,,,,,,,2.4933864279612044,,,,,,,,,,,,,,,,,,,,
2001,01Q1,2009-01-01,12.17711,,,,,,,,,,,,,,,,,,,,,2.4995579599077367,,,,,,,,,,,,,,,,,,,,
2001,01Q2,2009-01-01,12.13513,,,,,,,,,,,,,,,,,,,,,2.496104551935357,,,,,,,,,,,,,,,,,,,,
2001,01Q3,2009-01-01,12.2175,,,,,,,,,,,,,,,,,,,,,2.5028693501621726,,,,,,,,,,,,,,,,,,,,
2001,01Q4,2009-01-01,12.34159,,,,,,,,,,,,,,,,,,,,,2.512974859447552,,,,,,,,,,,,,,,,,,,,
2002,02Q1,2009-01-01,12.40352,,,,,,,,,,,,,,,,,,,,,2.5179803032949932,,,,,,,,,,,,,,,,,,,,
2002,02Q2,2009-01-01,12.49301,,,,,,,,,,,,,,,,,,,,,2.5251692878976226,,,,,,,,,,,,,,,,,,,,
2002,02Q3,2009-01-01,12.63258,,,,,,,,,,,,,,,,,,,,,2.5362791910354354,,,,,,,,,,,,,,,,,,,,
2002,02Q4,2009-01-01,12.74055,,,,,,,,,,,,,,,,,,,,,2.544789820326771,,,,,,,,,,,,,,,,,,,,
2003,03Q1,2009-01-01,12.73771,,,,,,,,,,,,,,,,,,,,,2.5445668851646555,,,,,,,,,,,,,,,,,,,,
2003,03Q2,2009-01-01,12.93754,,,,,,,,,,,,,,,,,,,,,2.5601331628082478,,,,,,,,,,,,,,,,,,,,
2003,03Q3,2009-01-01,13.05381,,,,,,,,,,,,,,,,,,,,,2.5690800451814084,,,,,,,,,,,,,,,,,,,,
2003,03Q4,2009-01-01,13.11592,,,,,,,,,,,,,,,,,,,,,2.573826759543245,,,,,,,,,,,,,,,,,,,,
2004,04Q1,2009-01-01,13.32979,,,,,,,,,,,,,,,,,,,,,2.590001380128038,,,,,,,,,,,,,,,,,,,,
2004,04Q2,2009-01-01,13.33722,,,,,,,,,,,,,,,,,,,,,2.5905586229679565,,,,,,,,,,,,,,,,,,,,
2004,04Q3,2009-01-01,13.41477,,,,,,,,,,,,,,,,,,,,,2.5963563387436555,,,,,,,,,,,,,,,,,,,,
2004,04Q4,2009-01-01,13.7906,,,,,,,,,,,,,,,,,,,,,2.6239872006483895,,,,,,,,,,,,,,,,,,,,
2005,05Q1,2009-01-01,14.12642,,,,,,,,,,,,,,,,,,,,,2.6480468029530564,,,,,,,,,,,,,,,,,,,,
2005,05Q2,2009-01-01,14.43199,,,,,,,,,,,,,,,,,,,,,2.6694472704153713,,,,,,,,,,,,,,,,,,,,
2005,05Q3,2009-01-01,14.66066,,,,,,,,,,,,,,,,,,,,,2.6851677159089617,,,,,,,,,,,,,,,,,,,,
2005,05Q4,2009-01-01,14.76632,,,,,,,,,,,,,,,,,,,,,2.6923489118094395,,,,,,,,,,,,,,,,,,,,
2006,06Q1,2009-01-01,14.87367,,,,,,,,,,,,,,,,,,,,,2.6995925356695176,,,,,,,,,,,,,,,,,,,,
2006,06Q2,2009-01-01,14.98156,,,,,,,,,,,,,,,,,,,,,2.706820111518802,,,,,,,,,,,,,,,,,,,,
2006,06Q3,2009-01-01,15.08334,,,,,,,,,,,,,,,,,,,,,2.713590823466678,,,,,,,,,,,,,,,,,,,,
2006,06Q4,2009-01-01,15.05502,,,,,,,,,,,,,,,,,,,,,2.71171149039512,,,,,,,,,,,,,,,,,,,,
2007,07Q1,2009-01-01,15.10842,,,,,,,,,,,,,,,,,,,,,2.715252204304946,,,,,,,,,,,,,,,,,,,,
2007,07Q2,2009-01-01,15.13502,,,,,,,,,,,,,,,,,,,,,2.7170112639131787,,,,,,,,,,,,,,,,,,,,
2007,07Q3,2009-01-01,15.09582,,,,,,,,,,,,,,,,,,,,,2.714417884306767,,,,,,,,,,,,,,,,,,,,
2007,07Q4,2009-01-01,15.01621,,,,,,,,,,,,,,,,,,,,,2.709130284268996,,,,,,,,,,,,,,,,,,,,
2008,08Q1,2009-01-01,14.94709,,,,,,,,,,,,,,,,,,,,,2.704516632060722,,,,,,,,,,,,,,,,,,,,
2008,08Q2,2009-01-01,14.87019,,,,,,,,,,,,,,,,,,,,,2.6993585377946028,,,,,,,,,,,,,,,,,,,,
2008,08Q3,2009-01-01,14.80477,,,,,,,,,,,,,,,,,,,,,2.6949494261407496,,,,,,,,,,,,,,,,,,,,
2008,08Q4,2009-01-01,14.53734,,,,,,,,,,,,,,,,,,,,,2.6767205117652995,,,,,,,,,,,,,,,,,,,,
2009,09Q1,2009-01-01,14.39349,,,,,,,,,,,,,,,,,,,,,2.6667760210281424,,,,,,,,,,,,,,,,,,,,
2009,09Q2,2009-01-01,14.28927,,,,,,,,,,,,,,,,,,,,,2.659508905962312,,,,,,,,,,,,,,,,,,,,
2009,09Q3,2009-01-01,14.30022,,,,,,,,,,,,,,,,,,,,,2.660274921762904,,,,,,,,,,,,,,,,,,,,
2009,09Q4,2009-01-01,14.28565,,,,,,,,,,,,,,,,,,,,,2.659255536922653,,,,,,,,,,,,,,,,,,,,
2010,10Q1,2009-01-01,14.35972,,,,,,,,,,,,,,,,,,,,,2.6644270648227355,,,,,,,,,,,,,,,,,,,,
2010,10Q2,2009-01-01,14.42982,,,,,,,,,,,,,,,,,,,,,2.6692968986955043,,,,,,,,,,,,,,,,,,,,
2010,10Q3,2009-01-01,14.56027,,,,,,,,,,,,,,,,,,,,,2.678296586552647,,,,,,,,,,,,,,,,,,,,
2010,10Q4,2009-01-01,14.70252,,,,,,,,,,,,,,,,,,,,,2.688018907663921,,,,,,,,,,,,,,,,,,,,
2011,11Q1,2009-01-01,14.90013,,,,,,,,,,,,,,,,,,,,,2.701369937745567,,,,,,,,,,,,,,,,,,,,
2011,11Q2,2009-01-01,15.10179,,,,,,,,,,,,,,,,,,,,,2.7148132798415645,,,,,,,,,,,,,,,,,,,,
2011,11Q3,2009-01-01,15.32099,,,,,,,,,,,,,,,,,,,,,2.7292237836344935,,,,,,,,,,,,,,,,,,,,
2011,11Q4,2009-01-01,15.58021,,,,,,,,,,,,,,,,,,,,,2.7460015191707625,,,,,,,,,,,,,,,,,,,,
2012,12Q1,2009-01-01,15.8018,,,,,,,,,,,,,,,,,,,,,2.760123857594702,,,,,,,,,,,,,,,,,,,,
2012,12Q2,2009-01-01,16.0124,,,,,,,,,,,,,,,,,,,,,2.7733634220823524,,,,,,,,,,,,,,,,,,,,
2012,12Q3,2009-01-01,16.21665,,,,,,,,,,,,,,,,,,,,,2.7860384922141472,,,,,,,,,,,,,,,,,,,,
2012,12Q4,2009-01-01,16.40194,,,,,,,,,,,,,,,,,,,,,2.797399620517052,,,,,,,,,,,,,,,,,,,,
2013,13Q1,2009-01-01,16.55696,,,,,,,,,,,,,,,,,,,,,2.806806557225956,,,,,,,,,,,,,,,,,,,,
2013,13Q2,2009-01-01,16.70276,,,,,,,,,,,,,,,,,,,,,2.8155739752282947,,,,,,,,,,,,,,,,,,,,
2013,13Q3,2009-01-01,16.85476,,,,,,,,,,,,,,,,,,,,,2.8246331094864567,,,,,,,,,,,,,,,,,,,,
2013,13Q4,2009-01-01,16.99354,,,,,,,,,,,,,,,,,,,,,2.83283327183792,,,,,,,,,,,,,,,,,,,,
2014,14Q1,2009-01-01,17.14461,,,,,,,,,,,,,,,,,,,,,2.841683838499558,,,,,,,,,,,,,,,,,,,,
2014,14Q2,2009-01-01,17.29847,,,,,,,,,,,,,,,,,,,,,2.850618058286389,,,,,,,,,,,,,,,,,,,,
2014,14Q3,2009-01-01,17.45825,,,,,,,,,,,,,,,,,,,,,2.85981231629311,,,,,,,,,,,,,,,,,,,,
2014,14Q4,2009-01-01,17.63518,,,,,,,,,,,,,,,,,,,,,2.8698957706106905,,,,,,,,,,,,,,,,,,,,
2015,15Q1,2009-01-01,17.82422,,,,,,,,,,,,,,,,,,,,,2.8805582065771387,,,,,,,,,,,,,,,,,,,,
2015,15Q2,2009-01-01,18.02,,,,,,,,,,,,,,,,,,,,,2.8914822521801917,,,,,,,,,,,,,,,,,,,,
2015,15Q3,2009-01-01,18.22177,,,,,,,,,,,,,,,,,,,,,2.9026170331068597,,,,,,,,,,,,,,,,,,,,
2015,15Q4,2009-01-01,18.43073,,,,,,,,,,,,,,,,,,,,,2.914019380229913,,,,,,,,,,,,,,,,,,,,
2016,16Q1,2009-01-01,18.66227,,,,,,,,,,,,,,,,,,,,,2.926503838609861,,,,,,,,,,,,,,,,,,,,
2016,16Q2,2009-01-01,18.88968,,,,,,,,,,,,,,,,,,,,,2.9386157411899423,,,,,,,,,,,,,,,,,,,,
2016,16Q3,2009-01-01,19.11786,,,,,,,,,,,,,,,,,,,,,2.950622976673028,,,,,,,,,,,,,,,,,,,,
2016,16Q4,2009-01-01,19.35495,,,,,,,,,,,,,,,,,,,,,2.962948200714469,,,,,,,,,,,,,,,,,,,,
2017,17Q1,2009-01-01,19.60385,,,,,,,,,,,,,,,,,,,,,2.9757259755183343,,,,,,,,,,,,,,,,,,,,
2017,17Q2,2009-01-01,19.85699,,,,,,,,,,,,,,,,,,,,,2.9885560862040235,,,,,,,,,,,,,,,,,,,,
2017,17Q3,2009-01-01,20.12104,,,,,,,,,,,,,,,,,,,,,3.001766033756499,,,,,,,,,,,,,,,,,,,,
2017,17Q4,2009-01-01,20.39774,,,,,,,,,,,,,,,,,,,,,3.01542411039941,,,,,,,,,,,,,,,,,,,,
2018,18Q1,2009-01-01,20.65165,,,,,,,,,,,,,,,,,,,,,3.027795219362655,,,,,,,,,,,,,,,,,,,,
2018,18Q2,2009-01-01,20.94311,,,,,,,,,,,,,,,,,,,,,3.0418097139942017,,,,,,,,,,,,,,,,,,,,
2018,18Q3,2009-01-01,21.23125,,,,,,,,,,,,,,,,,,,,,3.055474152926757,,,,,,,,,,,,,,,,,,,,
2018,18Q4,2009-01-01,21.51234,,,,,,,,,,,,,,,,,,,,,3.068626723973683,,,,,,,,,,,,,,,,,,,,
2019,19Q1,2009-01-01,21.79957,,,,,,,,,,,,,,,,,,,,,3.0818902448298653,,,,,,,,,,,,,,,,,,,,
2019,19Q2,2009-01-01,22.09378,,,,,,,,,,,,,,,,,,,,,3.095296120945995,,,,,,,,,,,,,,,,,,,,
2019,19Q3,2009-01-01,22.39678,,,,,,,,,,,,,,,,,,,,,3.1089171985279727,,,,,,,,,,,,,,,,,,,,
2019,19Q4,2009-01-01,22.70322,,,,,,,,,,,,,,,,,,,,,3.1225067646478304,,,,,,,,,,,,,,,,,,,,
2020,20Q1,2009-01-01,23.00451,,,,,,,,,,,,,,,,,,,,,3.135690283663137,,,,,,,,,,,,,,,,,,,,
2020,20Q2,2009-01-01,23.30961,,,,,,,,,,,,,,,,,,,,,3.14886572189097,,,,,,,,,,,,,,,,,,,,
2020,20Q3,2009-01-01,23.61102,,,,,,,,,,,,,,,,,,,,,3.1617135521972775,,,,,,,,,,,,,,,,,,,,
2020,20Q4,2009-01-01,23.91345,,,,,,,,,,,,,,,,,,,,,3.1744410621528685,,,,,,,,,,,,,,,,,,,,
2021,21Q1,2009-01-01,24.21884,,,,,,,,,,,,,,,,,,,,,3.187130842675748,,,,,,,,,,,,,,,,,,,,
2021,21Q2,2009-01-01,24.52849,,,,,,,,,,,,,,,,,,,,,3.199835299098867,,,,,,,,,,,,,,,,,,,,
2021,21Q3,2009-01-01,24.83651,,,,,,,,,,,,,,,,,,,,,3.2123147479994945,,,,,,,,,,,,,,,,,,,,
2021,21Q4,2009-01-01,25.14705,,,,,,,,,,,,,,,,,,,,,3.2247405934433444,,,,,,,,,,,,,,,,,,,,
2022,22Q1,2009-01-01,25.44984,,,,,,,,,,,,,,,,,,,,,3.236709456139834,,,,,,,,,,,,,,,,,,,,
2022,22Q2,2009-01-01,25.76287,,,,,,,,,,,,,,,,,,,,,3.248934308073659,,,,,,,,,,,,,,,,,,,,
2022,22Q3,2009-01-01,26.07789,,,,,,,,,,,,,,,,,,,,,3.261087828877498,,,,,,,,,,,,,,,,,,,,
2022,22Q4,2009-01-01,26.3959,,,,,,,,,,,,,,,,,,,,,3.273208695061203,,,,,,,,,,,,,,,,,,,,
2023,23Q1,2009-01-01,26.71334,,,,,,,,,,,,,,,,,,,,,3.285163066103122,,,,,,,,,,,,,,,,,,,,
2023,23Q2,2009-01-01,27.03386,,,,,,,,,,,,,,,,,,,,,3.297090154384322,,,,,,,,,,,,,,,,,,,,
2023,23Q3,2009-01-01,27.35217,,,,,,,,,,,,,,,,,,,,,3.3087958675853075,,,,,,,,,,,,,,,,,,,,
2023,23Q4,2009-01-01,27.67813,,,,,,,,,,,,,,,,,,,,,3.3206425706638694,,,,,,,,,,,,,,,,,,,,
2024,24Q1,2009-01-01,28.00533,,,,,,,,,,,,,,,,,,,,,3.332394849202439,,,,,,,,,,,,,,,,,,,,
2024,24Q2,2009-01-01,28.33911,,,,,,,,,,,,,,,,,,,,,3.3442428293939654,,,,,,,,,,,,,,,,,,,,
2024,24Q3,2009-01-01,28.66863,,,,,,,,,,,,,,,,,,,,,3.3558034936122696,,,,,,,,,,,,,,,,,,,,
2024,24Q4,2009-01-01,29.01009,,,,,,,,,,,,,,,,,,,,,3.3676437005069904,,,,,,,,,,,,,,,,,,,,
2025,25Q1,2009-01-01,29.3482,,,,,,,,,,,,,,,,,,,,,3.3792312156029585,,,,,,,,,,,,,,,,,,,,
2025,25Q2,2009-01-01,29.68851,,,,,,,,,,,,,,,,,,,,,3.3907601022687888,,,,,,,,,,,,,,,,,,,,
2025,25Q3,2009-01-01,30.02941,,,,,,,,,,,,,,,,,,,,,3.4021772347825867,,,,,,,,,,,,,,,,,,,,
2025,25Q4,2009-01-01,30.37785,,,,,,,,,,,,,,,,,,,,,3.4137137244197135,,,,,,,,,,,,,,,,,,,,
2026,26Q1,2009-01-01,30.72568,,,,,,,,,,,,,,,,,,,,,3.425098787021677,,,,,,,,,,,,,,,,,,,,
2026,26Q2,2009-01-01,31.07116,,,,,,,,,,,,,,,,,,,,,3.436280057757908,,,,,,,,,,,,,,,,,,,,
2026,26Q3,2009-01-01,31.42202,,,,,,,,,,,,,,,,,,,,,3.447508921021925,,,,,,,,,,,,,,,,,,,,
2026,26Q4,2009-01-01,31.77077,,,,,,,,,,,,,,,,,,,,,3.4585466846890114,,,,,,,,,,,,,,,,,,,,
2027,27Q1,2009-01-01,32.12529,,,,,,,,,,,,,,,,,,,,,3.469643570411993,,,,,,,,,,,,,,,,,,,,
2027,27Q2,2009-01-01,32.48267,,,,,,,,,,,,,,,,,,,,,3.4807067163483754,,,,,,,,,,,,,,,,,,,,
2027,27Q3,2009-01-01,32.83979,,,,,,,,,,,,,,,,,,,,,3.4916408899230995,,,,,,,,,,,,,,,,,,,,
2027,27Q4,2009-01-01,33.20154,,,,,,,,,,,,,,,,,,,,,3.5025962603888354,,,,,,,,,,,,,,,,,,,,
2028,28Q1,2009-01-01,33.57167,,,,,,,,,,,,,,,,,,,,,3.513682556552349,,,,,,,,,,,,,,,,,,,,
2028,28Q2,2009-01-01,33.9318,,,,,,,,,,,,,,,,,,,,,3.5243526277868944,,,,,,,,,,,,,,,,,,,,
2028,28Q3,2009-01-01,34.30159,,,,,,,,,,,,,,,,,,,,,3.5351917087826337,,,,,,,,,,,,,,,,,,,,
2028,28Q4,2009-01-01,34.67195,,,,,,,,,,,,,,,,,,,,,3.5459310027071305,,,,,,,,,,,,,,,,,,,,
2029,29Q1,2009-01-01,35.04603,,,,,,,,,,,,,,,,,,,,,3.5566623403036663,,,,,,,,,,,,,,,,,,,,
2029,29Q2,2009-01-01,35.42866,,,,,,,,,,,,,,,,,,,,,3.567521097106544,,,,,,,,,,,,,,,,,,,,
2029,29Q3,2009-01-01,35.81868,,,,,,,,,,,,,,,,,,,,,3.5784695450322808,,,,,,,,,,,,,,,,,,,,
2029,29Q4,2009-01-01,36.20664,,,,,,,,,,,,,,,,,,,,,3.5892425274257054,,,,,,,,,,,,,,,,,,,,
2030,30Q1,2009-01-01,36.5964,,,,,,,,,,,,,,,,,,,,,3.5999498749138565,,,,,,,,,,,,,,,,,,,,
2030,30Q2,2009-01-01,36.9844,,,,,,,,,,,,,,,,,,,,,3.610496202115216,,,,,,,,,,,,,,,,,,,,
2030,30Q3,2009-01-01,37.38704,,,,,,,,,,,,,,,,,,,,,3.621324120302978,,,,,,,,,,,,,,,,,,,,
2030,30Q4,2009-01-01,37.79562,,,,,,,,,,,,,,,,,,,,,3.6321932228958724,,,,,,,,,,,,,,,,,,,,
2031,31Q1,2009-01-01,38.21245,,,,,,,,,,,,,,,,,,,,,3.6431613787437382,,,,,,,,,,,,,,,,,,,,
2031,31Q2,2009-01-01,38.62005,,,,,,,,,,,,,,,,,,,,,3.6537715716655064,,,,,,,,,,,,,,,,,,,,
2031,31Q3,2009-01-01,39.03294,,,,,,,,,,,,,,,,,,,,,3.664405905027403,,,,,,,,,,,,,,,,,,,,
2031,31Q4,2009-01-01,39.44948,,,,,,,,,,,,,,,,,,,,,3.6750208659629315,,,,,,,,,,,,,,,,,,,,
2032,32Q1,2009-01-01,39.86341,,,,,,,,,,,,,,,,,,,,,3.685458860548486,,,,,,,,,,,,,,,,,,,,
2032,32Q2,2009-01-01,40.2743,,,,,,,,,,,,,,,,,,,,,3.6957135484029946,,,,,,,,,,,,,,,,,,,,
2032,32Q3,2009-01-01,40.6968,,,,,,,,,,,,,,,,,,,,,3.7061494652788904,,,,,,,,,,,,,,,,,,,,
2032,32Q4,2009-01-01,41.12769,,,,,,,,,,,,,,,,,,,,,3.7166816172807198,,,,,,,,,,,,,,,,,,,,
2033,33Q1,2009-01-01,41.5533,,,,,,,,,,,,,,,,,,,,,3.726976940530338,,,,,,,,,,,,,,,,,,,,
2033,33Q2,2009-01-01,41.97639,,,,,,,,,,,,,,,,,,,,,3.7371073173646914,,,,,,,,,,,,,,,,,,,,
2033,33Q3,2009-01-01,42.39692,,,,,,,,,,,,,,,,,,,,,3.747075718089956,,,,,,,,,,,,,,,,,,,,
2033,33Q4,2009-01-01,42.81785,,,,,,,,,,,,,,,,,,,,,3.7569550717188056,,,,,,,,,,,,,,,,,,,,
2034,34Q1,2009-01-01,43.24066,,,,,,,,,,,,,,,,,,,,,3.7667812562992924,,,,,,,,,,,,,,,,,,,,
2034,34Q2,2009-01-01,43.6833,,,,,,,,,,,,,,,,,,,,,3.776965878033483,,,,,,,,,,,,,,,,,,,,
2034,34Q3,2009-01-01,44.10594,,,,,,,,,,,,,,,,,,,,,3.7865944672599454,,,,,,,,,,,,,,,,,,,,
2034,34Q4,2009-01-01,44.52608,,,,,,,,,,,,,,,,,,,,,3.7960750849174874,,,,,,,,,,,,,,,,,,,,
2035,35Q1,2009-01-01,44.94098,,,,,,,,,,,,,,,,,,,,,3.805350073373,,,,,,,,,,,,,,,,,,,,
2035,35Q2,2009-01-01,45.34786,,,,,,,,,,,,,,,,,,,,,3.8143629869141042,,,,,,,,,,,,,,,,,,,,
2035,35Q3,2009-01-01,45.74627,,,,,,,,,,,,,,,,,,,,,3.82311025834313,,,,,,,,,,,,,,,,,,,,
2035,35Q4,2009-01-01,46.13503,,,,,,,,,,,,,,,,,,,,,3.8315725312958326,,,,,,,,,,,,,,,,,,,,
2036,36Q1,2009-01-01,46.50629,,,,,,,,,,,,,,,,,,,,,3.8395875722625132,,,,,,,,,,,,,,,,,,,,
2036,36Q2,2009-01-01,46.87285,,,,,,,,,,,,,,,,,,,,,3.8474386165720005,,,,,,,,,,,,,,,,,,,,
2036,36Q3,2009-01-01,47.22194,,,,,,,,,,,,,,,,,,,,,3.85485861509975,,,,,,,,,,,,,,,,,,,,
2036,36Q4,2009-01-01,47.56455,,,,,,,,,,,,,,,,,,,,,3.8620877358757295,,,,,,,,,,,,,,,,,,,,
2037,37Q1,2009-01-01,47.92129,,,,,,,,,,,,,,,,,,,,,3.869559873311305,,,,,,,,,,,,,,,,,,,,
2037,37Q2,2009-01-01,48.30448,,,,,,,,,,,,,,,,,,,,,3.8775243099803642,,,,,,,,,,,,,,,,,,,,
2037,37Q3,2009-01-01,48.69485,,,,,,,,,,,,,,,,,,,,,3.88557327501002,,,,,,,,,,,,,,,,,,,,
2037,37Q4,2009-01-01,49.09384,,,,,,,,,,,,,,,,,,,,,3.893733568681458,,,,,,,,,,,,,,,,,,,,
